User ID,Time
39ba216f-cf59-44f9-9ddf-2b1bc9e4974c,14:36:13
8abaf725-c309-4a21-b73c-3bebd50fd2b8,14:36:13
f40b7bc4-8a05-479b-be5d-764b3977b35a,14:36:15
b19c8e33-cf89-4447-b1f0-0f75b49b9f29,14:36:28
23d36411-06d3-4f2a-bf8a-ce4854b2554d,14:36:32
97f82d77-6c63-41a4-8b28-1bbba7b6f64d,14:36:42
a0406b19-f2f7-48db-95a4-d3ab97014dff,14:36:57
b518a3f4-1a71-477d-830d-6782158ad038,14:52:44
e817413f-9d21-4366-9178-c4b8e105e2f3,15:15:56
9040f543-f463-46d8-a351-b8c3d9d8249e,15:19:02
meera,15:21:39
22613e85-4767-48c2-bb0c-b2a794b988a3,15:23:52
kalai_marvel,15:23:57
meera124_meera124,15:30:33
Sapthagiri_Sapthagiri1001,15:39:53
8757ccd8-53cf-4487-a19c-1504582277e8,15:50:17
